palavra,frequencia
apostas,2
Neste,2
Preparar,1
Aguardando,1
leva,1
produções,1
Daqueles,1
Você,1
chego,1
Reta,1
Finalmente,1
Hoje,2
Ponto,1
Ouça,1
quem,1
Visite,1
esse,1
Chateada,1
ansioso,1
primeira,1
metrojornal,1
Terminei,2
Acabei,1
Candidatos,1
Chegou,2
final,1
Quero,1
Todo,1
teremos,1
Todos,1
AllTheStars,1
Quem,4
cancelem,1
deve,2
Olar,1
Demorei,1
Pegue,1
suas,1
Minhas,1
essa,1
Foto,1
Nova,1
acabei,1
Algumas,1
aqui,1
para,2
PORTAL,1
panteranegra,1
gostou,1
Pela,1
mexeu,1
Também,1
podcast,1
coluna,1
filmes,2
Pronto,1
Ansiedade,1
onde,1
Palpiteiro,1
desta,1
Animaland,1
Blackkklansman,1
Saiu,1
assisti,1
ganhar,2
freddiemercury,1
Disponível,1
Domingo,5
filme,1
ganhou,1
sobre,1
Belos,1
como,1
Pôster,1
Como,1
Nasce,1
Mais,1
Crítico,1
comigo,1
Podia,1
galera,1
ramimalek,1
domingo,1
acontece,1
live,1
saber,2
Números,1
todos,1
SEMANA,1
temos,1
Quer,1
Vice,1
coloca,1
Façam,1
bonita,1
